Ax,Ay,Az
256,-284,15956
256,-260,15656
511,-328,15652
511,-268,15676
767,-480,15656
511,-264,15672
511,-344,15680
511,-300,15632
511,-284,15712
511,-280,15888
512,-484,15652
511,-276,15712
767,-512,15960
256,-360,15952
256,-280,15912
256,-296,15940
256,-320,15648
767,-468,15684
511,-336,15692
767,-500,15980
256,-392,15936
256,-388,15940
512,-512,15732
767,-512,15988
256,-296,15644
511,-268,16000
256,-296,15628
511,-352,15672
511,-276,15980
512,-512,15696
512,-492,15928
256,-268,15692
511,-328,15692
511,-264,15912
256,-332,15932
256,-280,15980
512,-452,15716
511,-296,15688
511,-272,15644
511,-332,15672
511,-296,15680
767,-488,15652
256,-340,15928
256,-264,15688
511,-296,15668
511,-264,15952
256,-280,15660
511,-260,15656
767,-512,15660
511,-300,15680
511,-312,15700
511,-324,15972
512,-492,15928
256,-288,15920
512,-488,15948
512,-508,15684
511,-292,15892
512,-476,15672
511,-552,15832
767,-504,15932
256,-296,15688
511,-280,15928
256,-280,15652
511,-260,15664
511,-672,15868
767,-476,15732
511,-272,15976
512,-512,15704
512,-496,15672
511,-308,15684
256,-328,15680
256,-268,15628
511,-284,15940
256,-272,15924
512,-460,15684
511,-316,15684
511,-288,15664
511,-280,15920
256,-268,15644
511,-332,15680
511,-368,15652
511,-324,15712
511,-276,15672
511,-312,16020
256,-272,15688
511,-260,15660
767,-484,15648
511,-328,15652
767,-504,15728
511,-264,15640
511,-276,15668
511,-276,15708
511,-264,15680
511,-276,15684
511,-292,15932
512,-488,15644
511,-284,15640
767,-496,15936
256,-304,15636
511,-332,15716
511,-304,15648
511,-324,15928
256,-352,15960
256,-264,15924
511,-272,15644
511,-336,15680
767,-512,15700
511,-308,15652
767,-504,15684
511,-284,15708
511,-324,15684
767,-484,15960
256,-316,15632
511,-284,15964
767,-472,15680
767,-500,15676
511,-288,15928
256,-312,15628
256,-304,15696
511,-328,15632
511,-272,15684
511,-296,15984
512,-464,15952
256,-264,15932
512,-488,15688
767,-472,15660
511,-360,15952
256,-276,15716
511,-312,15972
511,-336,15684
511,-292,15660
511,-296,15892
256,-276,15620
767,-508,15688
511,-268,15668
511,-268,15952
256,-300,15692
511,-260,15708
511,-260,15700
511,-328,15976
256,-284,15664
511,-276,15640
767,-476,15684
511,-276,15916
256,-288,15684
767,-504,15648
512,-508,15684
256,-284,15652
511,-288,15676
511,-328,15952
256,-304,15708
767,-432,15944
256,-288,15972
256,-260,15680
511,-268,15648
767,-504,15944
256,-260,15704
511,-284,15892
256,-288,15688
256,-328,15992
512,-500,15656
767,-508,15940
512,-508,15704
767,-496,15920
256,-344,15624
511,-304,15712
256,-324,15688
511,-336,15680
767,-500,15700
511,-300,15704
511,-324,15956
512,-512,15684
511,-284,15636
511,-292,15948
767,-488,15644
511,-368,15964
256,-308,15936
256,-284,15648
511,-376,15908
511,-296,15680
511,-296,15660
767,-500,15928
512,-508,15668
511,-276,15704
767,-508,15692
767,-496,15948
256,-344,15684
767,-500,15680
256,-296,15676
256,-300,15936
512,-504,15696
511,-568,16104
256,-308,15984
256,-292,15664
511,-324,15940
512,-492,15712
511,-328,15900
256,-304,15728
511,-300,15696
511,-292,15964
512,-508,15680
767,-440,15984
512,-508,15940
256,-288,15620
511,-308,15948
256,-532,15860
511,-320,15664
511,-324,15652
511,-304,15728
511,-296,15872
256,-268,15684
511,-564,15860
511,-272,15660
511,-300,15648
767,-488,15636
767,-488,15684
511,-268,15952
767,-472,15660
511,-260,15908
256,-304,15728
511,-320,15712
511,-292,15696
767,-512,15720
511,-296,15880
256,-292,15708
767,-732,16116
256,-328,15944
256,-296,15724
511,-296,15880
256,-304,15908
512,-488,15712
511,-280,15652
511,-280,15936
512,-496,15956
256,-336,15896
512,-480,15656
511,-268,15936
256,-280,15892
256,-300,15680
511,-332,15688
511,-284,15684
767,-472,15676
511,-308,15672
511,-264,15620
767,-460,15924
256,-336,15712
511,-284,15708
767,-500,15932
256,-304,15692
767,-504,15904
256,-260,15656
767,-440,15688
767,-508,15908
256,-340,15912
256,-292,15680
767,-512,15756
511,-280,15736
511,-300,15668
511,-268,15656
511,-348,15716
767,-476,15668
511,-260,15740
511,-296,15652
511,-272,15924
256,-312,15896
256,-280,15712
767,-508,15744
511,-284,15944
512,-508,15944
256,-272,15696
511,-288,15988
256,-316,15984
256,-324,15656
767,-484,15976
256,-268,15688
511,-552,16120
256,-276,15940
256,-260,15668
256,-292,15696
511,-304,15760
511,-332,15696
511,-292,15656
767,-484,15676
511,-328,15976
256,-260,15880
256,-264,15648
511,-292,15680
511,-308,15936
256,-288,15704
511,-288,15668
767,-512,15716
511,-296,15688
767,-508,15692
511,-324,15952
256,-268,15972
256,-308,15984
256,-276,15640
511,-280,15720
767,-752,15860
511,-308,15700
511,-316,15660
511,-268,15728
511,-280,15924
256,-276,15712
767,-480,15664
767,-488,15628
511,-328,15656
511,-276,15704
511,-336,15744
511,-280,15692
511,-280,15720
511,-276,15964
256,-264,15672
767,-484,15920
767,-480,15616
511,-264,15648
511,-280,15728
511,-264,15664
256,-272,15664
511,-328,15644
767,-496,15700
511,-364,15924
256,-264,15956
512,-488,15896
512,-472,15928
512,-500,15684
767,-512,15660
511,-280,15888
256,-276,15728
511,-288,15900
256,-336,15716
511,-280,15668
767,-488,15708
511,-260,15680
767,-480,15920
256,-312,15688
511,-292,15664
511,-296,15676
511,-324,15680
512,-480,15748
511,-272,15644
511,-336,15992
256,-296,15712
767,-512,15732
511,-332,15912
256,-276,15684
256,-292,15912
256,-300,15728
511,-336,15704
511,-348,15964
512,-508,15656
511,-328,15680
767,-504,15900
256,-268,15880
256,-260,15884
512,-480,15668
511,-276,15664
767,-472,15660
511,-292,15732
511,-356,15640
511,-340,15640
767,-480,15908
512,-512,15968
512,-480,15884
256,-320,15676
511,-264,15676
511,-284,15708
511,-300,15712
767,-504,15652
511,-280,15732
511,-288,15892
256,-284,15708
511,-276,15704
767,-504,15992
256,-260,15676
767,-488,15632
767,-508,15688
511,-264,15944
256,-356,15636
511,-348,15648
767,-496,15708
511,-308,15640
511,-288,15692
511,-304,15744
767,-512,15680
511,-260,15692
511,-312,15716
767,-488,15736
511,-304,15696
256,-288,15960
511,-540,15852
767,-512,15936
256,-284,15656
511,-280,15660
511,-400,15996
256,-268,15708
511,-284,15688
767,-508,15936
256,-284,15668
256,-300,15924
256,-260,15628
767,-496,15884
256,-292,15940
512,-496,15712
767,-460,15708
511,-292,15936
512,-480,15704
511,-264,15700
511,-320,15716
767,-512,15992
256,-296,15664
511,-272,15704
767,-504,15928
256,-324,15924
512,-496,15992
256,-260,15700
767,-492,15964
512,-452,15652
511,-260,15716
511,-272,15720
511,-316,15720
511,-336,15944
256,-284,15668
511,-296,15876
256,-276,15632
511,-272,15664
511,-312,15660
511,-264,15920
256,-276,15704
511,-324,15628
511,-324,15720
511,-320,15664
511,-268,15956
512,-504,15928
256,-332,15888
256,-336,15956
512,-468,15700
511,-308,15664
767,-496,15688
511,-260,15712
511,-316,15912
512,-484,15692
511,-296,15964
256,-296,15928
512,-432,15940
512,-492,15708
511,-260,15964
256,-316,15700
511,-280,15936
256,-372,15920
256,-284,15660
511,-296,15904
256,-324,15692
511,-264,15720
511,-304,15676
767,-512,15700
511,-288,15968
256,-308,15628
512,-476,15724
511,-332,15636
511,-324,15700
256,-280,15620
511,-332,15644
767,-504,15708
767,-508,15916
512,-512,15644
511,-272,15688
511,-288,15668
511,-304,15900
512,-768,15868
511,-352,15932
256,-300,15648
511,-312,15880
256,-308,15920
256,-384,15916
256,-264,15652
511,-264,15668
511,-268,15920
256,-360,15632
511,-260,15692
511,-336,15644
511,-276,15676
512,-472,15984
256,-296,15688
511,-300,15932
512,-504,15712
767,-504,15724
512,-468,15700
511,-284,15728
511,-404,15700
767,-500,15628
511,-316,15996
256,-360,15932
512,-444,15644
511,-300,15960
512,-508,15660
767,-500,15932
256,-340,15660
767,-448,15696
511,-312,15988
256,-288,15660
767,-476,15952
256,-264,15956
256,-316,15928
256,-288,15928
256,-572,15868
512,-764,15860
767,-448,15644
511,-272,15740
511,-344,15680
511,-580,15860
511,-324,15952
256,-296,15904
256,-276,15672
767,-508,16004
256,-300,15664
511,-344,15672
767,-500,15668
511,-324,15896
256,-292,15704
256,-300,15728
511,-304,15956
512,-512,15924
256,-276,15644
511,-336,15672
511,-316,15872
256,-312,15724
511,-340,15700
767,-496,15892
256,-328,15652
511,-296,15644
511,-328,15704
511,-276,15956
512,-484,15684
511,-292,15684
511,-284,15644
511,-264,15696
511,-328,15892
256,-264,15656
511,-300,15620
511,-324,15660
511,-280,15944
256,-300,15884
512,-468,15712
511,-264,15968
256,-520,15860
511,-328,15684
511,-260,15700
511,-376,15668
511,-332,15684
767,-504,15680
511,-320,15920
256,-304,15680
511,-312,15904
256,-296,15936
512,-504,15728
511,-316,15688
511,-308,15908
256,-268,15652
256,-312,15692
511,-324,15924
256,-260,15956
256,-364,15928
512,-484,15644
511,-264,15684
511,-300,15632
511,-288,15956
256,-312,15672
512,-512,15720
767,-484,15644
511,-352,15772
511,-272,15928
256,-260,15696
511,-288,15908
256,-276,15708
511,-300,15676
767,-488,15664
511,-264,15672
511,-316,15656
511,-304,15704
511,-276,15652
511,-344,15708
767,-512,15980
256,-284,15688
511,-264,15680
511,-292,15716
511,-336,15692
767,-480,15648
511,-276,15916
256,-276,15668
767,-464,15640
767,-464,15652
511,-344,15656
511,-260,15928
256,-296,15912
256,-260,15660
511,-264,15692
767,-484,15632
511,-316,15952
256,-308,15696
511,-332,15624
511,-316,15912
256,-276,15644
511,-276,15952
512,-512,15692
767,-452,15704
511,-260,15976
256,-296,15924
256,-276,15708
511,-288,15644
511,-300,15892
256,-272,15660
511,-288,15968
256,-308,15976
256,-304,15720
767,-500,15668
511,-516,15864
511,-284,15924
256,-312,15892
256,-308,15656
511,-292,15900
256,-264,15696
511,-300,15668
511,-324,15688
511,-300,15616
256,-292,15960
767,-476,15692
767,-500,15672
511,-324,15924
256,-284,15964
256,-360,15680
511,-312,15664
511,-316,15656
511,-316,15948
512,-476,15940
256,-292,15900
256,-340,15968
256,-332,15952
512,-492,15668
256,-348,15700
511,-336,15704
511,-316,15916
256,-344,15624
511,-324,15668
256,-292,15936
256,-288,15624
767,-508,15892
256,-328,15636
767,-500,15664
511,-316,15680
511,-312,15732
511,-292,15948
256,-268,15680
767,-488,15716
511,-328,15928
256,-280,15956
256,-280,15948
512,-488,15664
511,-288,15696
511,-300,15680
511,-324,15644
511,-296,15976
256,-292,15692
767,-496,16008
256,-288,15952
256,-336,15980
256,-324,15632
511,-268,15972
256,-268,15916
256,-328,15668
256,-332,15892
512,-504,15648
511,-300,15688
511,-284,15656
511,-296,15940
512,-492,15692
511,-348,15728
512,-500,15680
511,-272,15684
256,-260,15704
511,-292,15644
511,-356,15960
256,-276,15936
256,-280,15664
767,-760,15848
767,-484,15684
511,-284,15676
511,-280,15712
767,-476,15656
256,-352,15936
512,-500,15660
511,-288,15660
767,-508,15996
512,-476,15976
512,-504,15948
512,-508,15704
511,-284,15668
511,-272,15680
511,-264,15696
256,-304,15948
256,-344,15744
511,-296,15948
256,-300,15732
511,-296,15708
767,-476,15920
512,-488,15696
511,-284,15644
511,-276,15668
256,-276,15696
767,-500,15692
511,-336,15684
256,-368,15948
511,-280,15644
511,-320,15620
767,-488,15964
512,-464,15716
511,-320,15952
512,-484,15776
511,-324,15676
511,-324,15680
511,-292,15948
256,-612,16120
512,-496,15660
511,-536,16120
512,-500,15692
511,-280,15680
767,-496,15984
256,-300,15920
256,-276,15692
767,-492,15660
511,-276,15892
512,-496,15940
512,-488,16008
511,-308,15960
256,-332,15740
511,-264,15660
512,-512,15708
511,-296,15664
767,-508,15956
256,-352,15640
767,-472,15624
767,-724,16112
256,-296,15980
256,-272,15944
256,-292,15676
767,-456,15668
767,-512,15952
256,-328,15660
767,-512,15760
511,-344,15700
511,-280,15648
767,-512,15692
511,-580,15852
767,-492,15932
256,-552,15828
511,-272,15680
256,-320,15940
256,-316,15688
767,-512,15932
512,-488,15656
256,-296,15684
511,-292,15900
256,-344,15672
511,-296,15976
256,-284,15660
511,-296,15680
767,-496,15660
511,-276,15644
511,-368,15688
511,-312,15936
256,-264,15700
511,-284,15624
511,-272,15668
767,-460,15680
511,-268,15924
256,-288,15704
511,-300,15680
511,-284,15652
767,-476,15680
511,-292,15680
511,-276,15652
767,-508,15916
256,-300,15908
512,-504,15684
256,-312,16000
512,-472,15704
767,-508,15700
511,-312,15664
511,-276,15920
256,-312,15940
256,-288,15644
767,-488,15972
256,-296,15944
256,-312,15980
512,-432,15656
511,-304,15640
767,-464,15920
256,-272,15628
511,-272,15668
511,-296,15716
511,-364,15640
256,-316,15932
512,-512,15640
511,-288,15696
767,-484,15660
767,-492,15696
511,-296,15908
511,-300,15968
256,-308,15984
256,-268,15708
511,-264,15704
511,-336,15692
511,-272,15692
511,-336,15968
512,-504,15688
767,-508,15932
256,-260,15656
511,-272,15940
512,-744,15848
511,-316,15684
511,-340,15700
767,-504,15676
511,-304,15716
767,-480,15656
767,-492,15664
511,-340,15944
512,-472,15660
511,-272,16012
256,-292,15704
511,-276,15880
256,-276,15628
511,-320,15684
511,-280,15676
511,-296,15916
256,-540,16120
512,-472,15628
511,-308,15916
511,-276,15700
767,-512,15624
511,-268,15732
511,-284,15640
256,-292,15920
767,-488,15948
256,-312,15616
511,-308,15900
512,-476,15708
511,-268,15944
256,-272,15620
511,-288,15696
511,-292,15680
256,-268,15656
511,-288,15916
256,-332,15964
512,-496,15704
511,-276,15964
512,-476,15920
512,-452,15708
767,-504,15660
767,-500,15700
511,-280,15708
511,-308,15680
511,-272,15700
511,-324,15656
511,-280,15960
512,-512,15736
511,-292,15912
512,-492,15644
511,-312,15716
511,-364,15636
511,-344,15708
511,-312,15928
256,-280,15980
256,-272,15924
256,-272,15740
511,-268,15912
511,-300,16056
512,-480,15668
511,-292,15636
767,-508,15716
511,-300,15684
511,-264,15716
767,-468,15944
256,-280,15952
512,-688,16124
512,-496,15688
767,-484,15908
512,-460,15692
767,-508,15696
512,-512,15972
512,-488,15656
511,-316,15672
511,-340,15956
512,-492,15648
511,-264,15928
511,-312,15944
512,-504,15648
511,-328,15956
767,-512,15660
511,-308,15736
511,-276,15668
512,-504,15664
511,-364,15664
511,-260,15688
511,-260,15680
767,-492,15936
512,-468,15640
511,-288,15724
511,-288,15660
511,-296,15660
511,-292,15672
256,-304,15960
256,-280,15720
511,-308,15932
256,-276,15644
511,-268,15692
511,-336,16008
256,-260,15744
511,-336,15772
256,-284,15716
511,-292,15688
511,-284,15732
511,-312,15936
256,-284,15916
512,-508,15716
511,-276,15692
511,-288,15680
767,-512,15644
767,-500,15756
511,-340,15672
511,-324,15676
511,-268,15676
512,-472,15940
256,-324,15784
511,-300,15632
511,-276,15900
256,-272,15644
511,-288,15944
256,-320,15696
511,-272,15640
256,-316,15652
511,-284,15624
511,-296,15680
511,-312,15640
511,-264,15628
511,-296,15688
511,-328,15940
256,-268,15676
511,-560,15864
511,-276,15676
767,-460,15652
511,-316,15708
511,-284,15644
511,-272,15940
256,-276,15980
256,-296,15648
511,-268,15944
256,-284,15648
767,-508,15648
256,-536,15868
511,-272,15700
511,-308,15668
767,-448,15640
511,-260,15944
256,-308,15616
767,-472,15948
256,-264,15724
511,-296,15664
511,-276,15892
512,-492,15672
511,-264,15636
511,-296,15756
511,-308,15916
512,-508,15684
511,-284,15652
511,-292,15980
256,-296,15960
512,-460,15708
511,-304,15688
511,-296,15672
511,-320,15676
511,-316,15632
767,-492,15672
511,-332,15672
511,-316,15700
767,-504,15900
256,-308,15960
512,-428,15680
767,-500,15704
767,-504,15628
767,-488,15704
511,-312,15880
256,-292,15672
256,-300,15924
256,-328,16004
512,-512,15640
511,-260,15960
256,-272,15984
512,-496,15664
511,-272,15972
512,-508,15708
256,-268,15660
511,-296,15672
767,-508,15996
256,-332,15892
512,-496,15984
512,-492,15704
511,-260,15996
512,-504,15972
256,-264,15700
511,-312,15664
511,-264,15952
256,-272,15664
256,-320,15672
511,-288,15668
511,-264,15936
256,-304,15976
512,-504,15688
511,-308,15964
512,-476,15656
767,-480,15924
256,-628,15868
511,-272,15656
512,-468,15944
256,-320,15968
512,-472,16028
512,-464,15740
767,-468,15672
511,-288,15620
767,-484,15740
511,-320,15928
256,-304,15680
512,-500,15676
511,-276,15932
256,-268,15928
512,-484,15696
511,-288,15940
512,-484,15948
512,-492,15668
511,-308,16024
256,-308,15688
256,-296,15936
256,-292,15680
256,-316,15696
511,-328,15880
512,-496,15684
511,-268,15944
512,-484,15624
767,-720,16104
256,-300,15924
512,-504,15628
767,-496,15892
256,-264,15880
256,-276,15716
767,-496,15920
256,-352,15896
512,-508,15972
256,-308,15936
256,-308,15676
767,-488,15624
256,-280,15672
767,-476,15700
511,-296,15632
256,-336,15896
512,-464,15704
511,-284,15920
256,-320,15916
512,-500,15652
767,-496,15980
512,-500,15688
511,-312,15660
511,-272,15772
511,-264,15664
511,-280,15640
511,-300,15660
511,-288,15872
256,-300,15952
256,-280,15704
511,-276,15696
256,-272,15688
767,-508,15716
511,-336,15696
256,-332,15964
512,-496,15672
511,-552,16120
512,-504,15976
512,-464,16020
256,-324,15652
767,-496,15640
256,-276,15672
511,-344,15664
256,-264,15624
767,-512,15696
767,-492,15916
256,-308,15644
511,-532,15868
511,-260,15704
511,-272,15676
511,-288,15680
511,-312,15656
511,-268,15616
511,-264,15684
767,-492,15636
256,-288,15652
511,-264,15984
256,-264,15676
256,-276,15960
256,-268,15692
511,-336,15972
256,-300,15940
256,-268,15896
256,-272,15916
256,-260,15636
511,-272,15936
512,-484,15920
512,-504,15932
512,-488,15656
767,-508,15892
256,-272,15624
511,-264,15912
256,-320,15668
767,-504,15708
511,-272,15916
256,-268,15900
256,-284,15756
511,-280,15960
256,-264,15680
511,-268,15928
256,-288,15652
512,-428,15952
256,-268,15916
512,-504,15972
256,-264,15720
511,-296,15652
511,-280,15768
511,-308,15680
256,-276,15676
767,-460,15704
767,-480,15920
256,-272,15728
767,-468,15660
512,-512,15680
511,-304,15644
511,-284,15640
767,-488,15704
767,-504,15652
511,-320,15924
256,-320,15736
767,-468,15624
511,-284,15680
511,-300,15680
511,-272,15912
512,-512,15640
767,-504,15676
511,-288,15700
511,-296,15948
256,-528,16120
256,-292,15672
511,-260,15704
767,-476,15636
511,-320,15624
511,-288,15656
511,-264,15944
256,-304,15984
512,-488,15684
511,-268,15704
767,-488,15952
512,-504,15672
511,-304,15964
256,-292,15676
511,-264,15720
511,-288,15632
511,-316,15892
256,-308,15644
767,-496,15740
511,-272,15712
767,-468,15672
511,-292,15940
256,-304,15640
767,-452,15736
511,-288,15644
511,-268,15680
511,-616,15856
256,-304,15680
511,-288,16016
256,-596,15832
767,-500,15924
512,-732,15868
767,-500,15676
511,-304,15688
511,-288,15704
511,-328,15916
256,-292,15688
256,-340,15920
256,-524,15860
767,-512,15924
256,-288,15928
512,-468,15964
256,-268,15720
511,-260,15732
512,-496,15656
256,-316,15644
511,-300,15648
767,-492,15668
511,-308,15644
511,-284,15948
512,-508,15940
512,-496,15676
511,-348,15620
767,-476,15744
511,-268,15724
511,-312,15676
256,-304,15660
511,-568,15868
511,-276,15676
511,-324,15688
511,-320,15644
767,-500,15680
767,-512,15636
767,-480,15620
767,-480,15696
511,-280,15656
511,-324,15656
511,-364,15620
767,-480,16000
512,-444,15640
511,-260,15876
256,-308,15964
512,-500,15652
511,-328,15692
511,-268,15708
511,-592,15860
256,-264,15716
511,-340,15704
511,-348,15944
256,-264,15692
511,-288,15664
767,-480,16004
256,-280,15696
511,-296,15708
511,-308,15684
256,-320,16004
256,-300,15664
511,-308,15696
511,-304,15676
511,-288,15948
512,-444,15700
511,-264,15664
511,-292,15988
256,-268,15728
511,-260,15924
512,-492,15680
511,-284,15728
511,-384,15936
512,-492,15624
511,-288,15968
767,-484,15736
767,-500,15944
512,-500,15660
767,-504,15708
767,-480,16012
256,-316,15696
767,-512,15960
512,-508,15712
512,-492,15652
511,-288,15684
511,-284,15940
512,-512,15960
512,-508,15708
511,-288,15656
511,-300,15724
767,-480,15940
256,-340,15688
511,-332,15676
767,-508,15976
512,-488,15680
767,-496,15896
256,-296,15628
511,-292,15900
256,-276,15920
256,-292,15620
511,-304,15676
767,-504,15656
511,-368,15672
511,-264,15728
767,-500,15688
767,-508,15916
256,-264,15696
511,-276,15624
511,-276,15692
511,-280,15956
256,-332,15736
511,-292,15680
511,-296,15904
512,-508,15632
767,-500,15952
256,-340,15684
511,-280,15936
256,-276,15940
512,-512,15692
767,-484,15880
256,-292,15668
511,-320,15620
256,-288,15952
256,-268,15684
511,-292,15948
256,-284,15676
511,-272,15696
767,-496,15664
767,-496,15692
511,-260,15908
512,-512,15672
511,-308,15688
767,-508,15692
511,-288,15980
256,-276,15680
511,-584,16124
512,-512,15620
511,-272,15928
256,-264,15948
256,-280,15680
767,-496,15948
256,-320,15696
511,-280,15956
256,-288,15696
511,-312,15736
512,-476,15616
767,-500,15668
767,-500,15944
512,-484,15656
511,-292,15980
256,-312,15968
256,-308,15640
767,-504,15692
511,-268,15640
256,-300,15948
256,-276,15724
767,-492,15908
256,-284,15924
767,-472,15656
511,-288,15728
767,-500,15764
511,-296,15640
511,-312,15628
767,-508,15676
511,-296,15696
511,-280,15680
511,-288,15936
512,-512,15688
511,-536,16112
512,-512,15968
256,-296,15676
256,-308,15944
512,-500,15680
256,-356,15928
256,-268,15680
511,-292,15624
511,-280,15932
256,-328,15912
256,-280,15680
512,-500,15688
511,-292,15680
511,-308,15672
767,-484,15680
256,-260,15680
767,-496,15712
511,-272,15896
512,-476,15688
511,-280,15912
256,-336,15968
256,-268,15708
511,-308,15668
511,-296,15668
511,-276,15968
512,-508,15708
511,-300,15708
511,-264,15936
512,-496,15644
511,-260,15656
767,-484,15688
511,-276,15652
511,-268,15948
512,-476,15696
256,-272,15944
256,-336,15652
511,-276,15700
511,-344,15640
512,-480,15644
767,-512,15904
256,-284,15664
767,-444,15992
512,-496,15628
511,-340,15984
256,-276,15676
256,-340,15920
256,-296,15916
511,-268,15672
256,-260,15644
767,-504,15936
512,-484,15944
256,-324,15972
256,-308,15708
512,-512,15680
511,-328,15736
767,-488,15668
511,-304,15640
511,-316,15872
256,-292,15668
511,-304,15688
511,-276,15692
511,-320,15680
511,-264,15728
511,-300,15700
511,-280,15640
511,-304,15980
512,-492,15664
256,-260,15668
511,-264,15724
511,-284,15708
511,-292,15984
512,-488,15680
511,-328,15628
767,-512,15644
511,-300,15704
511,-376,15896
256,-268,15956
256,-276,15916
512,-492,15676
511,-280,15652
767,-508,15716
511,-288,15948
512,-512,15648
511,-304,15712
511,-268,15984
256,-276,15740
511,-276,15648
511,-280,16004
256,-268,15940
256,-336,15912
256,-260,15692
256,-296,15896
256,-284,15696
511,-280,15696
511,-288,15956
256,-300,15708
511,-268,15928
512,-760,15868
511,-300,15656
511,-268,15680
256,-272,15964
512,-496,15732
511,-308,15932
256,-312,15888
256,-268,15936
512,-492,15716
511,-260,15680
511,-308,15700
511,-292,15712
767,-476,15712
511,-292,15632
511,-312,15684
511,-264,15680
767,-492,15684
511,-284,15912
256,-296,15680
511,-268,15680
511,-316,15908
256,-280,15632
511,-340,15964
512,-508,15656
767,-480,15668
511,-320,15964
511,-304,15688
511,-304,15696
767,-452,15960
512,-476,15724
511,-276,15672
511,-280,15656
511,-280,15960
512,-500,15972
512,-472,15988
256,-264,15640
256,-260,15684
511,-332,15984
256,-340,15920
256,-308,15672
511,-296,15704
511,-300,15924
256,-304,15660
511,-272,15984
256,-272,15976
512,-508,15680
511,-272,15684
511,-260,15664
256,-356,15948
256,-304,15692
511,-560,15860
511,-276,15988
256,-312,15664
767,-452,15952
512,-496,15624
511,-268,15656
511,-260,15948
256,-292,15736
767,-488,15936
256,-296,15708
511,-324,15960
512,-508,15632
767,-508,15648
511,-324,15944
512,-488,15676
511,-264,15988
512,-440,15948
512,-496,15740
511,-320,15748
511,-268,15676
256,-300,15888
256,-268,15968
256,-284,15956
512,-456,15712
511,-324,15940
256,-292,15932
512,-748,15852
511,-312,15940
256,-264,15724
256,-308,15672
511,-296,15712
512,-460,15708
511,-288,15656
511,-288,15876
512,-504,15704
511,-324,15936
256,-296,15924
256,-296,15676
511,-264,15724
511,-284,15916
256,-328,15968
256,-272,15996
512,-472,15644
511,-304,15700
511,-280,15976
256,-264,15712
511,-340,15992
256,-276,15680
511,-328,15672
511,-284,15672
511,-332,15660
256,-316,16012
256,-260,15668
511,-332,15904
512,-464,15672
511,-280,15668
256,-364,15756
511,-280,15708
511,-372,15968
256,-356,15660
511,-284,15704
511,-284,15916
256,-260,15904
512,-488,15944
256,-292,15748
767,-500,15736
767,-492,15720
256,-272,15956
256,-284,15940
256,-272,15936
256,-260,15908
767,-492,15880
512,-512,16000
256,-324,15920
256,-276,15672
511,-324,15952
256,-268,15708
511,-288,15668
511,-328,15688
511,-324,15648
511,-280,15676
511,-280,15940
512,-512,15688
511,-264,15992
256,-264,15928
512,-500,15656
767,-504,15932
512,-484,15716
511,-564,16112
256,-320,15984
512,-492,15692
511,-280,15728
511,-292,15692
767,-500,15660
256,-288,15936
256,-268,15724
511,-272,15908
256,-340,15672
511,-304,15708
511,-284,15668
256,-300,15908
512,-512,15660
511,-268,15880
512,-512,15968
256,-360,15660
511,-324,15960
512,-468,15676
511,-264,15660
511,-292,15712
511,-340,15720
511,-296,15944
256,-264,15696
256,-268,15936
512,-468,15964
256,-312,15684
511,-276,15736
767,-468,15668
511,-288,15708
511,-288,15948
256,-320,15668
511,-284,15640
512,-500,15708
511,-288,15948
256,-296,15632
511,-352,15920
511,-304,15932
256,-316,15700
256,-292,15656
256,-264,15936
256,-304,15688
511,-284,15640
767,-488,15948
512,-512,15704
767,-512,15892
512,-472,15672
511,-332,15912
256,-300,15932
256,-268,15692
511,-304,15680
511,-284,15656
511,-272,15728
511,-316,15960
512,-512,15968
256,-320,15956
256,-524,16100
512,-496,15700
511,-336,15656
767,-500,15900
256,-260,15672
511,-312,15708
511,-284,15696
511,-272,15960
256,-376,15964
512,-512,15676
511,-288,15884
256,-280,15924
256,-276,15720
511,-300,15688
511,-292,15632
767,-504,15680
511,-304,15668
511,-284,15676
511,-360,15708
511,-296,15672
512,-496,15960
256,-316,15632
511,-260,15912
512,-500,15696
511,-304,15648
512,-508,15704
511,-288,15704
256,-292,15684
511,-284,15944
256,-328,15900
256,-284,15880
512,-508,15872
256,-296,15652
767,-492,15684
511,-292,15884
256,-272,15728
511,-316,15700
512,-504,15688
511,-264,15764
767,-460,15636
511,-364,15908
767,-504,15932
256,-272,15736
511,-268,15748
511,-292,15656
511,-304,15956
256,-356,15936
256,-288,15644
511,-316,15644
511,-328,15948
512,-492,15688
511,-268,15952
767,-492,15648
511,-284,15676
511,-264,15656
767,-488,15680
256,-336,15980
256,-276,15632
511,-352,15920
256,-276,15872
256,-368,15644
511,-296,15912
511,-260,15672
767,-480,15728
511,-272,15696
511,-348,15680
511,-296,15640
511,-536,15868
511,-260,15968
256,-284,15624
511,-272,15884
256,-260,15692
767,-488,15624
767,-508,15752
511,-320,15708
511,-320,15684
511,-264,15652
511,-280,15956
256,-260,15948
256,-276,15924
512,-476,15696
511,-316,15672
511,-296,15688
256,-280,15672
511,-300,15960
512,-500,15912
256,-268,15680
256,-292,15752
511,-268,15616
256,-296,15968
256,-300,15684
256,-268,15664
511,-324,15704
767,-480,15652
511,-324,15992
256,-260,15636
512,-504,15668
511,-272,15676
511,-312,15912
256,-272,15704
511,-264,15644
511,-268,15648
511,-312,15700
511,-292,15948
256,-332,15944
256,-268,15688
511,-272,15968
512,-488,15716
511,-280,15696
767,-476,15672
767,-484,15912
256,-312,15944
512,-488,15684
512,-488,15876
512,-504,15652
767,-472,15740
511,-332,15656
256,-324,15704
511,-328,15944
256,-316,15672
511,-272,15972
512,-500,15688
767,-492,15892
512,-472,15964
512,-756,15860
511,-576,16116
512,-496,15656
511,-276,15708
511,-260,15652
511,-280,15724
511,-308,15892
256,-272,15700
767,-496,15932
256,-336,15940
256,-276,15708
767,-496,15636
767,-500,15900
256,-316,15636
511,-264,15956
256,-296,15692
511,-264,15688
511,-312,15924
256,-268,15680
512,-504,15924
511,-312,15904
256,-332,15704
512,-496,15672
256,-524,15856
767,-488,15936
256,-304,15696
767,-508,15660
511,-324,15888
512,-504,15620
767,-468,15676
511,-324,15692
511,-292,15656
511,-348,15708
511,-316,15620
511,-336,15736
767,-508,15688
511,-268,15944
512,-456,15684
511,-268,15692
511,-264,15640
767,-456,15952
256,-336,15700
511,-324,15652
256,-292,15928
256,-368,15696
767,-508,15692
511,-312,15928
256,-288,15636
511,-300,15908
256,-288,15648
511,-316,15936
256,-276,15924
256,-560,15852
256,-284,15944
512,-512,15640
511,-316,15644
767,-484,15720
767,-456,15960
256,-268,15936
256,-332,16016
256,-312,15668
511,-296,15632
511,-296,15668
511,-544,16100
256,-304,15636
511,-264,15952
256,-340,15716
767,-496,15932
256,-264,15700
511,-348,15936
512,-480,15948
256,-336,15704
511,-356,15728
256,-328,15676
256,-300,15640
511,-296,15680
511,-316,15908
256,-336,15652
511,-328,15724
511,-316,15876
256,-324,15680
256,-268,15704
511,-288,15692
767,-460,15692
511,-300,15676
511,-284,15692
767,-488,15984
256,-260,15924
256,-276,15680
767,-496,15932
512,-500,15684
511,-320,15948
256,-296,15716
511,-336,15700
511,-344,15660
511,-280,15704
511,-332,15920
767,-480,15704
511,-296,15944
256,-292,15752
511,-288,15720
767,-496,15996
256,-272,15676
511,-288,15936
256,-380,15928
512,-488,15676
511,-268,15696
511,-276,15896
511,-272,15724
511,-280,15696
512,-500,15676
767,-472,15680
511,-284,15660
512,-472,15724
511,-272,15640
511,-304,15964
512,-512,15652
511,-308,15656
511,-276,15944
256,-260,15696
511,-344,15976
512,-468,15652
256,-268,15728
511,-324,15692
767,-512,15664
511,-352,15680
511,-272,15956
256,-340,15964
256,-300,15664
511,-260,15952
512,-460,15972
256,-268,15632
511,-288,15740
511,-276,15948
256,-316,15692
511,-300,15988
256,-300,15616
511,-300,15692
511,-272,15652
511,-292,15696
256,-320,15960
256,-284,15692
511,-312,15688
511,-356,15988
256,-280,15688
767,-512,15652
767,-492,15708
511,-344,15684
511,-328,15980
256,-268,15728
767,-720,15840
511,-280,15972
256,-308,15720
511,-288,15676
511,-304,15716
767,-448,15656
767,-448,15668
511,-316,15668
767,-428,15728
256,-276,15940
767,-496,15664
511,-292,15712
512,-500,15932
512,-492,15616
511,-296,15616
767,-484,15652
256,-276,15688
256,-336,15936
256,-264,15652
511,-352,15916
512,-504,15684
511,-264,15960
256,-292,15636
511,-280,15888
256,-292,15944
256,-284,15668
256,-316,15732
511,-312,15732
511,-324,15696
256,-268,15928
511,-280,15964
512,-504,15912
256,-276,15948
512,-488,15644
511,-288,15660
511,-320,15696
256,-344,15940
256,-312,15692
511,-276,15692
511,-296,15940
256,-284,15908
256,-316,15624
511,-288,15636
767,-452,15696
767,-500,15672
511,-300,15696
511,-300,15660
256,-368,15936
511,-296,15700
511,-332,15668
511,-292,15932
767,-448,15660
256,-288,15936
256,-276,15708
767,-504,15724
511,-288,15720
767,-512,15620
256,-360,15900
256,-300,15640
767,-752,16120
512,-508,15912
256,-292,16024
256,-268,15900
256,-308,15640
256,-316,15668
511,-316,15708
511,-288,15728
511,-276,15928
256,-332,15616
767,-484,15944
512,-472,15648
767,-448,15924
512,-504,15704
511,-264,15696
511,-352,15980
256,-292,15684
511,-304,15700
511,-284,15920
512,-508,15964
256,-312,15692
511,-308,15688
511,-276,15680
511,-288,15884
256,-276,15700
511,-272,15684
767,-504,15924
256,-308,15696
511,-292,15920
512,-504,15964
767,-496,15944
512,-500,15924
256,-288,15648
767,-512,15760
767,-500,15924
256,-312,15644
511,-372,15688
767,-500,15684
767,-472,15948
256,-312,15952
256,-288,15940
512,-480,15984
256,-312,15680
767,-512,15660
511,-280,15676
511,-260,15680
511,-344,15680
511,-264,15648
256,-264,16004
256,-292,15692
256,-272,15920
256,-280,15956
256,-284,15672
511,-324,15952
256,-272,15652
767,-484,15916
512,-512,15648
767,-504,15668
511,-344,15976
512,-504,15912
256,-296,15720
767,-472,15696
767,-732,15868
511,-272,15680
511,-264,15920
256,-272,15908
256,-340,15668
511,-340,15680
511,-276,15656
511,-288,15924
256,-260,15684
767,-496,15936
256,-304,15656
511,-336,15932
512,-488,15700
511,-312,15928
256,-316,16004
256,-548,15864
511,-292,15992
512,-484,15916
767,-440,15636
767,-504,15952
256,-284,15696
256,-352,15712
767,-468,15708
767,-464,15712
511,-296,15736
511,-276,15896
512,-460,15740
511,-264,15656
767,-488,15712
511,-276,15720
511,-264,15692
511,-268,15912
256,-324,15708
256,-280,15684
767,-488,15696
511,-324,15668
511,-564,15860
256,-292,15632
511,-300,15652
511,-260,15640
511,-296,15920
512,-500,15680
511,-284,15944
256,-312,15656
767,-500,15988
256,-308,15980
256,-292,15712
511,-264,15688
767,-492,15636
511,-272,15720
767,-508,15708
511,-292,15676
511,-292,15732
511,-260,15660
511,-284,16008
256,-328,15936
256,-260,15624
511,-280,15960
256,-272,15656
767,-500,15708
511,-260,15712
767,-504,15948
512,-492,15996
256,-308,15712
511,-260,15688
767,-512,15916
256,-288,15680
767,-508,15620
767,-496,15668
511,-264,15668
511,-304,15616
767,-508,15680
511,-292,15672
511,-316,15616
767,-512,15724
767,-500,15712
511,-288,15744
511,-260,15680
511,-296,15660
767,-436,15940
256,-356,15972
256,-284,15948
512,-508,15696
511,-280,15904
512,-468,15644
511,-300,15652
511,-272,15680
511,-308,15736
511,-276,15960
512,-484,15676
511,-272,15888
256,-332,15912
256,-328,15720
511,-292,15724
767,-468,15616
511,-264,15792
511,-280,15708
256,-336,15936
256,-264,15940
256,-280,15904
512,-504,15644
511,-268,15692
511,-316,15932
256,-276,15712
511,-276,15624
256,-340,15632
511,-308,15696
511,-304,15964
256,-260,15648
511,-296,15968
512,-456,15904
256,-344,15692
511,-264,15932
256,-304,15680
511,-272,15696
511,-300,15616
256,-336,15680
511,-288,15904
512,-492,15920
256,-316,15944
512,-500,15880
256,-296,15920
256,-284,15916
256,-560,16096
256,-292,15688
767,-512,15664
511,-296,15952
256,-292,15620
511,-276,15688
511,-292,15660
511,-284,15932
512,-472,15928
256,-536,15868
256,-264,15936
256,-292,15660
511,-564,15868
511,-276,15884
256,-332,15664
512,-504,15928
256,-280,15920
256,-280,15668
767,-512,15964
256,-272,15652
511,-260,15908
512,-512,15636
511,-304,15640
511,-344,15756
767,-492,15924
256,-332,15772
511,-296,15676
767,-472,15704
511,-292,15936
512,-468,15960
512,-484,15672
256,-344,15660
511,-292,15700
511,-300,15652
511,-276,15660
511,-288,15944
256,-300,15964
512,-508,15668
767,-488,15724
767,-500,15716
511,-272,15700
511,-352,15640
511,-344,15704
511,-300,15696
511,-312,15672
767,-492,15724
511,-312,15892
256,-300,15668
511,-344,15636
767,-460,15688
511,-296,15684
767,-500,15640
511,-292,15668
256,-328,15952
512,-452,15684
512,-512,15928
256,-312,15700
767,-496,15724
256,-260,15724
511,-300,15684
511,-284,15928
512,-456,15960
256,-292,15680
511,-280,15680
767,-504,15760
511,-268,15888
512,-480,15644
511,-284,15684
767,-464,15980
256,-316,15932
512,-480,15660
767,-480,15876
256,-268,15680
511,-284,15676
767,-488,15920
256,-288,15636
511,-288,15916
512,-468,15696
511,-332,15688
511,-264,15684
511,-552,15844
511,-280,15964
512,-512,15652
767,-504,15920
256,-300,15680
511,-324,15708
511,-260,15644
767,-504,15668
512,-484,15948
512,-512,15992
256,-296,15724
511,-268,15672
511,-276,15644
511,-292,15980
512,-488,15676
256,-288,15724
256,-336,15920
256,-288,15748
767,-504,15940
256,-312,15972
512,-468,15648
511,-540,15868
767,-500,15912
512,-504,15936
256,-292,15624
511,-260,15936
256,-264,15704
511,-304,15964
512,-472,15912
256,-268,15652
511,-272,15936
256,-296,15928
256,-272,15940
256,-284,15652
511,-336,15976
256,-524,15864
511,-260,15964
256,-284,15644
767,-512,15660
511,-304,15980
512,-464,15636
511,-272,15976
256,-300,15920
256,-288,15692
511,-328,15708
511,-276,15636
511,-340,15924
256,-296,15696
767,-480,15920
256,-604,16112
512,-512,15904
256,-312,15944
256,-308,15644
511,-308,15728
511,-360,15648
511,-324,15672
256,-280,15720
511,-260,15712
511,-292,15960
512,-768,15844
511,-356,15716
767,-508,15980
256,-288,15704
767,-500,15640
767,-508,15680
256,-300,15720
767,-512,15704
511,-288,15900
256,-340,15920
512,-492,15940
256,-264,15664
511,-296,15680
767,-472,15620
511,-272,15640
511,-272,15940
512,-492,15640
511,-304,15888
256,-292,16012
512,-480,15692
511,-304,15708
511,-260,15968
256,-264,15668
767,-468,15700
767,-496,15684
256,-324,15700
511,-280,15632
511,-344,15920
256,-272,15940
256,-264,15972
256,-264,15948
256,-268,15664
511,-292,15676
511,-264,15652
511,-304,15628
511,-292,15624
256,-356,15728
511,-336,15940
256,-260,15668
767,-504,15680
767,-444,15620
767,-488,15900
256,-324,15680
511,-272,15716
511,-300,15876
256,-284,15712
767,-508,15672
511,-364,15920
256,-320,15920
256,-316,15968
256,-264,15924
256,-272,15952
256,-340,15616
512,-508,15740
767,-480,15704
511,-364,15920
256,-312,15948
512,-492,15648
767,-504,15684
767,-492,15676
511,-292,15940
256,-292,15752
511,-272,15708
767,-440,15700
511,-324,15624
767,-496,15692
767,-504,15700
511,-292,15956
256,-268,15700
767,-472,15672
512,-496,15704
511,-272,15676
511,-324,15680
511,-284,15672
767,-760,15832
511,-320,15664
767,-456,15712
511,-288,15928
511,-272,15956
512,-504,15672
511,-276,15676
511,-284,15656
511,-312,15956
256,-288,15648
512,-500,15680
511,-312,15916
256,-268,15672
767,-512,15648
767,-444,15972
256,-264,15892
256,-264,15720
511,-312,15924
256,-284,16004
256,-304,15652
511,-552,15868
767,-432,15652
511,-296,15968
256,-368,15648
511,-296,15640
511,-288,15644
767,-480,15944
256,-356,15948
511,-300,15636
511,-544,15844
511,-352,15712
767,-500,15964
256,-260,15676
511,-264,15616
511,-284,15756
511,-276,15672
511,-316,15948
512,-484,15904
256,-316,15924
256,-312,15972
512,-496,15636
256,-296,15964
256,-300,15672
511,-284,15716
511,-284,15944
256,-316,15656
256,-292,15948
256,-304,15700
767,-492,15664
511,-308,15932
256,-332,15936
512,-504,15944
256,-284,15676
511,-320,15688
767,-504,15740
511,-292,15712
767,-476,15664
511,-284,15936
512,-492,15708
767,-512,15652
511,-292,15632
511,-296,15984
256,-328,15928
256,-304,15636
511,-276,15668
256,-300,15960
256,-304,15644
767,-500,15960
256,-272,15648
767,-492,15696
511,-284,15944
512,-512,15680
767,-484,15964
256,-528,16108
256,-268,15668
767,-476,15976
256,-288,15916
512,-472,15688
767,-488,15664
511,-272,15916
256,-268,15940
256,-308,15672
511,-388,15980
256,-276,15708
511,-344,15928
256,-264,15928
512,-484,15952
256,-284,15908
256,-264,15932
256,-276,15692
511,-276,15668
511,-296,15728
511,-316,15928
256,-280,15748
511,-320,15692
511,-312,15680
767,-508,15944
256,-604,15864
511,-328,15648
767,-508,15684
767,-500,15716
511,-332,15692
511,-260,15680
256,-300,15664
511,-276,15688
511,-260,15896
256,-264,15688
511,-292,15960
256,-260,15676
511,-268,15920
256,-296,15932
512,-464,15716
256,-380,15876
512,-496,15676
511,-292,15656
511,-308,15956
512,-484,15920
256,-264,15896
256,-272,15688
767,-500,15668
511,-300,15644
511,-336,15632
511,-352,15740
511,-284,15692
512,-436,15740
767,-508,15668
511,-292,15688
767,-504,15916
512,-512,15956
256,-312,16004
256,-296,15660
511,-280,15952
256,-300,15724
767,-496,15728
511,-276,15940
512,-484,15680
511,-580,16120
256,-312,16012
512,-504,15980
256,-308,15908
512,-484,15728
511,-320,15648
511,-284,15676
767,-504,15736
767,-508,15912
256,-320,15896
512,-468,15752
511,-288,15948
256,-296,15936
256,-552,15856
511,-332,15724
511,-288,15616
511,-292,15892
256,-260,15700
511,-268,15940
256,-344,15908
512,-488,15676
767,-508,15944
256,-300,15908
512,-488,15640
511,-264,15912
256,-276,15616
767,-428,15692
511,-324,15708
511,-292,15872
256,-324,15628
511,-312,15672
767,-488,15700
511,-260,15652
511,-292,15964
512,-492,15672
256,-316,15880
256,-312,15980
256,-276,15684
511,-316,15916
511,-344,15928
512,-504,15668
511,-304,15944
256,-524,15860
511,-328,15660
511,-320,15680
512,-476,15684
511,-296,15708
511,-288,15668
511,-316,15648
511,-332,15680
767,-464,15652
511,-316,15740
511,-344,15948
256,-312,15960
512,-496,15668
767,-504,15668
767,-460,15692
256,-316,15948
256,-312,15960
256,-308,15676
511,-304,15668
767,-512,15628
511,-328,15916
256,-296,15624
767,-448,15936
256,-584,15860
767,-508,15680
511,-268,15948
256,-312,15688
511,-260,15944
512,-512,15724
511,-272,15920
256,-320,15976
256,-268,15640
767,-512,15924
256,-272,15632
256,-272,15972
512,-508,15968
256,-260,15672
511,-272,15996
512,-488,15684
511,-268,15928
256,-284,15720
511,-540,15856
256,-340,15988
512,-492,15716
511,-268,15656
511,-292,15940
256,-284,15716
256,-320,15936
256,-368,15940
512,-500,15960
512,-504,15696
767,-484,15972
512,-504,15680
511,-312,15908
256,-316,15688
511,-300,15692
511,-300,15672
511,-288,15644
511,-288,15644
767,-508,15708
511,-264,15976
256,-372,15932
512,-508,15704
767,-500,15976
256,-304,15652
511,-280,15636
511,-264,15688
511,-264,15912
256,-264,15892
256,-376,15692
511,-280,15984
512,-504,15704
511,-576,15868
511,-324,15672
512,-484,15660
511,-584,15836
511,-320,15988
256,-588,16124
256,-280,15624
767,-500,15920
256,-284,15680
256,-304,15920
767,-504,15716
511,-308,15676
256,-264,15948
256,-260,15660
256,-312,15932
256,-284,15724
511,-312,15908
256,-276,15896
512,-432,15724
511,-264,15692
511,-304,15688
511,-300,15700
511,-264,15668
511,-260,15664
511,-280,15696
511,-332,15892
256,-344,15728
512,-488,15696
511,-324,15932
511,-308,15680
767,-512,15648
511,-268,15664
511,-324,15640
256,-340,15900
256,-276,15680
256,-328,15932
256,-312,15896
512,-512,15940
256,-300,15956
256,-292,15688
511,-560,15816
511,-332,15656
511,-280,15724
511,-304,15656
511,-276,15680
767,-460,15928
256,-260,15920
256,-280,15956
512,-484,15964
256,-284,15660
511,-276,15960
256,-292,15644
256,-364,15696
511,-272,15648
511,-308,15632
256,-304,15972
512,-484,15644
767,-484,15932
512,-508,15872
512,-504,15684
511,-304,16000
256,-356,15708
767,-496,15692
511,-356,15700
767,-484,15872
256,-560,16088
256,-280,15888
256,-272,15924
512,-512,15696
767,-484,15656
511,-272,15684
511,-352,15700
767,-480,15736
511,-324,15924
256,-264,15672
767,-476,15944
512,-476,15664
511,-300,15940
256,-260,15972
256,-272,15780
767,-476,15676
511,-320,15704
511,-304,15656
512,-504,15936
256,-288,15964
256,-280,15656
767,-492,15928
256,-332,15684
511,-268,15656
511,-288,15656
512,-488,15988
256,-260,15668
511,-376,15700
511,-356,15940
256,-264,15728
256,-284,15992
256,-268,15948
256,-260,15916
512,-488,15688
511,-308,15732
767,-508,15908
256,-320,15700
767,-500,15652
511,-356,15968
256,-280,15716
511,-292,15696
511,-280,15928
512,-508,15892
256,-292,15636
511,-364,16016
512,-480,15960
256,-340,15712
511,-268,15648
767,-464,15672
767,-504,15912
512,-496,15940
256,-328,15684
511,-284,15980
511,-300,15904
256,-272,15960
256,-320,15668
256,-296,15684
511,-308,15940
256,-324,15672
511,-288,15692
511,-260,15676
256,-268,15756
511,-280,15628
511,-324,15944
512,-460,15680
511,-304,16008
256,-296,15676
511,-316,15628
511,-332,15728
511,-312,15664
511,-272,15728
511,-332,15684
511,-288,15668
256,-316,15940
511,-304,15640
767,-480,15680
767,-508,15656
256,-376,15948
256,-260,15652
511,-272,15648
511,-276,16016
256,-260,15684
767,-512,15904
512,-508,15668
767,-468,15672
511,-340,15940
511,-292,15652
511,-268,15896
256,-304,15704
511,-296,15700
512,-496,15716
767,-508,15656
767,-508,15704
511,-304,15668
767,-492,15660
511,-280,15728
511,-296,15908
256,-280,15672
511,-276,15664
511,-304,15672
767,-496,15664
511,-336,15696
767,-480,15656
511,-276,15684
511,-280,16016
256,-300,15688
511,-300,15920
256,-276,15684
511,-308,15952
256,-284,15652
511,-276,15676
511,-324,15928
512,-484,15668
511,-296,15884
512,-424,15620
511,-272,15952
512,-512,15700
767,-492,15720
511,-304,15656
767,-480,15656
256,-288,15700
767,-512,15640
512,-496,15968
256,-288,15908
512,-500,15692
511,-292,15680
511,-568,15848
512,-476,15720
511,-328,15640
256,-280,15692
511,-284,15684
511,-284,15644
511,-280,15704
767,-508,15672
511,-300,15936
512,-488,15972
256,-260,15900
256,-320,15700
511,-332,15916
256,-344,15640
767,-484,15660
511,-268,15632
511,-360,15960
256,-280,15676
767,-492,15988
256,-284,15660
767,-508,15696
511,-272,15636
511,-296,15676
511,-292,15616
767,-472,15668
511,-276,15680
511,-292,15928
256,-332,15988
767,-512,15908
256,-336,15948
512,-492,15704
511,-280,15676
511,-296,15720
767,-488,15684
511,-372,15936
256,-292,15968
512,-508,15668
511,-284,15876
256,-284,15696
511,-304,15672
511,-312,15708
511,-340,15680
511,-348,15700
767,-512,15680
511,-264,15940
256,-580,16116
256,-292,15892
511,-296,15964
256,-268,15952
512,-492,15924
256,-288,15660
511,-304,15920
256,-300,15688
511,-304,15680
511,-276,15988
256,-268,15664
511,-304,15952
512,-496,15904
512,-488,15940
256,-332,15684
511,-324,15676
256,-288,15932
512,-508,15964
512,-508,15632
511,-364,15640
511,-304,15896
256,-332,15676
767,-472,15624
767,-496,15736
511,-280,15948
256,-320,15676
511,-328,15676
767,-512,15696
767,-512,15712
511,-272,15664
511,-268,15720
511,-272,15744
511,-296,15960
256,-292,15944
256,-308,15676
511,-296,15892
256,-276,15672
511,-300,15708
511,-292,15944
512,-500,15944
256,-280,15908
512,-496,15696
511,-280,15928
256,-300,15672
511,-260,15952
256,-264,15660
511,-304,15620
511,-588,15868
767,-508,15652
511,-264,15940
256,-280,15732
767,-496,15972
256,-316,15652
511,-548,15864
767,-488,15636
511,-304,15672
767,-500,15720
767,-480,15700
256,-292,15960
256,-308,15728
511,-284,15948
256,-264,15948
256,-272,15656
511,-276,15944
512,-492,15740
511,-312,15688
511,-356,15704
511,-272,15920
256,-272,15912
512,-456,15924
256,-272,15968
256,-360,15996
256,-260,15708
511,-272,15920
256,-264,15660
767,-448,15712
511,-340,15924
512,-488,15964
256,-300,15976
256,-268,15916
256,-300,15956
256,-304,15952
256,-304,15644
767,-484,15664
767,-484,15656
767,-488,15676
767,-512,15700
767,-512,15972
512,-512,15668
511,-312,15944
256,-344,15956
256,-264,15648
767,-496,15640
511,-320,15960
512,-480,15712
511,-260,15668
511,-356,15660
511,-284,15940
512,-508,15696
256,-284,15952
256,-272,15920
256,-328,15672
511,-268,15632
511,-340,15672
767,-500,15912
512,-488,15664
511,-284,15672
511,-264,15732
511,-320,15672
511,-336,15900
256,-288,15928
256,-296,15976
256,-376,15940
512,-488,15624
511,-324,15684
511,-260,15940
256,-312,15700
767,-460,15624
767,-504,15708
511,-288,15632
511,-328,15964
512,-484,15704
511,-288,15640
767,-476,15936
512,-472,15640
511,-328,15704
511,-312,15652
511,-356,15660
511,-332,15636
511,-272,15640
767,-488,15948
256,-272,15680
767,-464,15940
256,-316,15932
256,-324,15692
511,-272,15932
256,-296,15680
511,-280,15632
511,-348,15888
256,-288,15640
767,-512,15716
511,-284,15684
767,-492,15928
512,-456,15704
511,-300,15660
511,-280,15716
767,-488,15652
511,-304,15924
512,-500,15728
511,-316,15908
256,-296,15652
767,-468,15968
256,-264,16016
256,-320,15936
256,-268,15932
512,-512,15916
512,-512,15980
256,-296,15680
511,-304,15728
511,-292,15680
511,-312,15936
512,-508,15688
767,-496,15692
767,-508,15616
511,-288,15704
511,-280,15908
256,-304,15764
767,-492,15724
256,-352,15708
256,-276,15968
256,-280,15728
511,-332,15952
512,-480,15916
256,-260,15948
256,-272,15732
511,-312,15756
511,-288,15712
511,-304,15680
256,-316,15624
511,-296,15684
511,-284,15972
512,-508,15704
511,-336,15928
512,-508,15760
511,-288,15660
511,-272,15928
256,-540,15864
256,-332,15980
512,-504,15656
767,-500,15676
511,-276,15696
511,-300,15956
256,-268,15924
512,-496,15676
511,-264,15928
256,-272,15680
256,-316,15688
511,-300,15696
511,-296,15672
511,-312,15924
512,-496,15960
512,-484,15932
256,-276,15764
511,-300,15756
256,-360,15640
511,-292,15672
767,-504,15708
256,-364,15680
256,-300,15656
511,-292,15632
511,-316,15972
511,-260,15696
511,-284,15720
511,-276,15768
767,-500,15660
256,-264,15904
256,-292,15636
511,-292,15704
511,-296,15660
511,-296,15712
511,-312,15980
256,-344,15912
512,-508,15700
511,-292,15724
511,-292,15716
511,-336,15724
511,-372,15672
767,-496,15632
511,-312,15696
511,-288,15656
511,-280,15684
511,-264,15700
511,-288,15692
511,-524,15836
767,-512,15616
767,-496,15680
511,-328,15676
511,-308,15712
767,-496,15944
256,-316,15968
512,-508,15656
767,-492,15720
511,-332,15920
512,-764,15852
256,-264,15692
511,-276,15688
511,-304,15660
256,-336,15664
511,-332,15912
256,-284,15972
256,-284,15664
511,-280,15952
256,-324,15920
512,-512,15708
511,-264,15676
511,-312,15688
511,-308,15696
511,-276,15648
511,-284,15976
512,-508,15952
256,-288,15912
256,-284,15932
512,-476,15720
511,-292,15656
767,-508,15656
511,-264,15720
511,-328,15896
256,-340,15936
256,-572,15848
767,-508,15928
256,-292,15748
511,-284,15676
767,-464,16004
256,-272,15700
511,-284,15936
512,-512,16024
256,-284,15644
767,-508,15912
256,-316,15676
511,-308,15660
767,-464,15964
512,-488,15644
511,-288,15668
511,-304,15896
256,-280,15696
511,-272,15708
511,-284,15640
511,-284,15684
511,-336,15712
767,-512,15960
256,-396,15652
511,-364,15920
256,-288,15712
511,-328,15724
767,-508,15708
767,-484,15684
511,-264,15720
767,-508,15688
511,-308,15704
256,-352,15972
256,-272,15668
511,-292,15980
512,-504,15976
256,-276,15636
511,-352,15728
767,-460,15692
511,-268,15628
256,-328,15688
511,-312,15688
511,-316,16008
256,-308,15628
767,-508,15660
511,-284,15932
512,-484,15912
256,-272,15716
511,-328,15728
511,-272,15632
767,-504,15660
767,-492,16008
256,-264,15768
256,-308,15872
512,-500,15968
512,-504,15956
256,-340,15920
512,-476,15920
512,-496,15900
256,-268,15716
767,-504,15672
511,-428,15988
256,-300,15692
256,-272,16020
512,-508,15904
256,-276,15904
512,-484,15696
511,-320,15988
256,-276,15680
767,-488,15648
256,-308,15924
256,-280,15684
511,-308,15940
256,-272,15652
767,-460,15956
256,-268,15960
256,-296,15924
256,-332,15988
256,-328,15660
767,-472,15764
511,-280,15656
511,-296,15684
767,-512,15648
511,-320,15680
767,-488,16008
512,-448,15668
767,-512,15676
511,-272,15660
256,-352,15964
256,-312,15744
512,-496,15688
256,-280,16000
256,-308,15724
767,-476,15972
256,-272,15648
767,-512,15948
256,-264,15888
256,-284,15640
511,-316,15704
511,-280,15712
511,-324,15736
512,-512,15724
511,-284,15900
256,-340,15712
767,-500,15684
256,-288,16004
256,-276,16028
512,-508,15712
256,-348,15636
767,-500,15624
256,-276,15984
256,-308,15884
256,-272,15676
256,-300,15940
256,-304,15960
512,-492,15984
256,-280,15672
767,-464,15968
256,-320,15648
511,-272,15692
256,-268,15972
256,-272,15656
511,-292,15948
512,-508,15676
511,-264,15676
511,-280,15924
512,-488,15980
256,-268,15696
511,-260,15644
256,-320,15724
511,-332,15972
256,-296,15960
256,-276,15960
256,-284,15900
512,-492,15976
767,-508,15688
511,-296,15680
511,-320,15676
511,-292,15640
767,-500,16012
512,-476,15728
767,-512,15716
511,-264,15936
256,-312,15656
767,-472,15972
512,-492,15708
767,-512,15644
511,-268,15684
511,-324,15656
511,-372,15964
512,-476,15680
767,-424,15692
511,-332,15924
767,-472,15720
767,-504,15660
511,-292,15908
256,-300,15692
511,-300,15760
511,-328,15684
511,-296,15720
511,-280,15944
256,-272,15892
512,-488,15916
512,-476,15972
256,-288,15904
512,-504,15920
256,-272,15640
511,-304,15716
511,-260,15708
511,-292,15656
511,-308,15952
256,-276,15724
511,-288,16000
256,-264,15676
511,-288,15956
256,-316,15924
512,-492,15704
511,-312,15760
511,-528,15864
767,-496,15980
256,-288,15692
512,-500,15904
256,-304,15736
767,-488,15708
767,-432,15748
511,-284,15680
511,-308,15728
511,-344,15704
511,-516,15864
256,-276,15916
512,-508,15648
511,-264,15680
511,-308,15916
512,-504,15640
767,-484,15996
256,-280,15644
767,-496,15768
511,-288,15684
511,-268,15960
256,-288,15696
511,-300,16000
256,-316,15672
767,-756,15848
511,-320,15912
256,-300,15672
256,-264,15940
256,-308,15920
256,-356,15672
511,-336,15704
511,-312,15720
511,-284,15628
511,-304,15680
511,-288,15692
511,-264,15712
767,-508,15692
511,-272,15904
256,-292,15648
511,-272,15704
767,-488,15696
256,-304,15888
256,-284,15680
256,-272,15980
511,-312,15944
512,-512,15672
511,-284,15960
767,-464,15692
511,-276,15708
511,-272,15712
511,-264,15688
511,-324,15760
511,-312,15712
511,-272,15684
767,-500,15664
511,-272,15896
512,-476,15936
512,-460,15688
767,-508,15964
512,-512,15636
511,-280,15648
511,-340,15944
256,-272,15684
511,-288,15944
256,-576,15868
511,-380,15916
256,-268,15696
767,-508,15672
511,-360,15912
512,-496,15708
511,-600,16120
256,-360,15688
767,-512,15676
511,-304,15908
256,-300,15896
512,-508,15944
511,-328,15996
512,-476,15704
767,-500,15660
767,-456,15672
767,-468,15988
256,-292,15924
256,-280,15720
767,-500,15724
511,-324,15704
511,-272,15696
511,-260,16004
256,-300,15684
767,-508,15656
511,-288,15880
256,-264,15668
511,-272,15696
511,-292,15628
767,-492,15972
256,-288,15884
512,-512,15660
511,-296,15972
512,-480,15660
511,-308,15964
256,-280,16000
512,-500,15664
511,-312,15692
767,-472,15656
511,-300,15668
767,-468,15724
511,-260,15704
511,-320,15912
256,-264,15708
511,-288,15668
511,-316,15660
767,-512,15924
256,-340,15648
511,-284,15644
511,-304,15896
256,-296,15664
767,-748,16124
512,-472,15940
512,-504,15688
767,-504,15652
767,-496,15616
511,-268,15984
256,-280,15648
511,-288,15620
511,-304,15924
256,-308,15892
256,-260,15928
512,-468,15660
767,-472,15880
256,-312,15704
767,-500,15680
511,-352,15740
511,-308,15704
511,-360,15952
256,-260,15692
511,-312,15636
511,-264,15708
767,-480,15664
767,-492,15960
256,-292,15912
256,-280,15704
511,-540,15864
256,-316,15712
511,-280,15684
256,-296,15664
511,-292,15692
767,-464,15664
767,-508,15908
256,-284,15696
511,-344,15944
256,-340,15688
767,-484,15728
511,-332,15636
767,-476,15700
511,-276,15964
767,-504,15712
511,-260,15936
256,-272,15968
256,-284,15708
511,-288,15696
511,-288,15668
511,-544,15860
256,-260,15976
256,-340,15680
767,-476,15696
767,-484,15956
256,-324,15900
256,-368,15948
256,-260,15704
511,-584,15868
767,-444,15680
511,-308,15656
511,-336,15704
512,-496,15956
256,-340,15656
511,-308,15972
512,-456,15648
767,-504,15636
511,-312,15944
256,-276,15720
511,-284,15760
511,-272,15692
511,-268,15676
511,-320,15964
256,-316,15964
256,-280,15988
512,-468,15656
767,-452,15752
511,-308,15688
511,-300,16000
256,-284,15716
256,-340,15668
511,-284,15700
511,-260,15712
511,-308,15976
256,-304,15952
256,-324,15920
256,-296,15892
512,-512,15700
511,-348,15636
256,-280,15936
512,-504,15720
256,-320,15920
256,-304,15972
256,-260,15948
256,-300,15948
256,-272,15704
767,-500,15904
256,-316,15680
511,-276,15704
511,-308,15676
767,-492,15876
256,-264,15652
511,-320,15948
511,-260,15700
511,-280,15932
512,-492,15988
256,-528,15860
511,-308,15672
511,-260,15680
256,-264,15700
511,-400,15672
512,-476,15672
767,-468,15956
512,-504,15680
767,-488,15644
511,-268,15760
511,-268,15916
256,-268,15672
511,-320,15680
511,-276,15668
511,-280,15652
767,-492,15648
511,-304,15904
256,-300,15928
256,-280,15896
512,-504,15692
511,-276,15652
511,-328,15660
511,-308,15712
511,-296,15644
511,-268,15928
256,-300,15720
511,-296,15680
512,-504,15888
256,-292,15952
256,-284,15976
512,-488,15656
511,-280,15708
512,-488,15648
767,-504,15656
511,-328,15668
767,-508,15736
511,-264,15924
256,-288,16000
256,-348,15696
511,-316,15932
512,-508,15956
256,-324,15656
511,-288,15988
256,-320,15668
511,-268,15920
256,-272,15936
512,-492,15640
767,-472,15896
256,-288,15956
256,-272,15652
511,-312,15944
512,-472,15716
511,-300,15664
511,-396,15688
511,-356,15656
767,-512,15708
767,-476,15976
256,-268,15696
256,-316,15968
767,-492,16008
256,-272,15692
511,-344,15696
767,-496,15676
256,-260,15972
256,-304,15632
256,-548,15868
511,-292,15928
767,-488,15632
767,-492,15936
256,-292,15680
767,-460,15748
511,-284,15680
511,-360,15684
511,-296,15676
511,-284,15724
511,-308,15928
256,-344,15676
767,-468,15700
511,-300,15920
512,-468,15644
511,-284,15680
767,-476,15684
511,-308,15736
511,-292,15700
512,-500,15704
511,-344,16000
512,-504,15656
767,-508,15936
512,-436,15692
511,-280,15692
511,-408,15960
256,-268,15680
767,-512,15716
511,-276,15716
767,-500,15676
767,-512,15960
512,-504,15744
767,-504,15664
511,-280,15648
511,-268,15936
512,-480,15664
511,-288,15940
511,-284,15716
511,-276,15916
256,-312,15668
511,-300,15676
767,-488,15984
256,-296,15916
256,-300,15668
767,-428,15660
767,-512,15900
256,-292,15660
767,-492,15672
511,-336,15712
767,-476,15876
256,-324,15632
511,-260,15708
511,-320,15900
256,-336,15656
767,-432,15752
767,-488,15708
511,-300,15988
256,-336,15768
511,-304,15628
767,-500,15692
511,-296,15968
256,-320,15924
256,-276,15704
511,-296,15620
511,-268,15944
512,-492,15944
256,-572,15864
511,-356,15656
767,-496,15660
256,-372,15956
512,-488,15660
511,-288,15672
511,-288,15708
511,-264,15960
512,-484,15664
767,-504,15652
511,-284,15680
511,-352,15736
511,-328,15644
767,-504,15964
256,-344,15924
512,-456,15636
767,-500,15664
511,-272,15704
767,-488,15728
511,-328,15652
512,-492,15708
767,-508,15628
767,-512,15892
512,-500,15664
511,-268,15968
511,-260,15920
767,-408,15904
512,-464,15880
512,-512,15644
511,-312,15692
511,-320,15652
511,-308,15644
511,-268,15896
256,-272,15708
767,-504,15976
256,-312,15992
256,-336,15672
511,-288,15628
511,-304,15676
767,-472,15688
511,-304,15724
256,-332,15628
511,-272,15680
511,-564,15856
511,-336,15912
512,-500,15680
767,-500,15920
256,-292,15680
511,-300,15684
511,-328,15700
511,-312,15664
511,-308,15684
256,-324,15736
511,-332,15928
256,-280,15904
512,-484,15620
767,-464,15908
256,-332,15704
767,-512,15728
511,-260,15704
256,-284,15660
511,-312,15660
511,-376,15660
511,-300,15980
512,-504,15676
767,-500,15936
512,-500,15668
511,-300,15900
256,-280,15676
511,-260,15696
256,-296,15900
256,-304,15688
256,-292,15924
256,-380,15928
256,-280,15680
767,-508,15696
511,-280,15688
767,-436,15960
511,-312,15624
511,-276,15660
511,-372,15736
512,-456,15680
511,-268,15916
512,-504,15640
767,-488,15952
256,-324,15888
256,-268,15712
511,-312,15684
511,-352,15736
511,-320,15952
256,-288,15732
511,-264,15724
511,-320,15900
512,-484,15632
511,-308,15988
256,-300,15980
512,-480,15692
511,-332,15900
256,-324,15684
256,-288,15956
256,-300,15968
512,-476,15700
511,-284,15944
256,-304,15976
256,-296,15672
767,-508,15660
511,-300,15744
511,-292,15680
512,-492,15632
511,-280,15680
256,-276,15708
511,-296,15940
256,-272,15644
511,-280,15968
512,-508,15768
767,-492,15660
511,-280,15628
511,-376,15692
511,-304,15712
511,-320,15656
511,-360,15668
511,-276,15700
511,-272,15996
256,-320,15628
511,-308,15920
256,-332,15700
511,-288,15660
511,-312,15688
511,-548,16112
256,-328,15704
511,-312,15624
767,-484,15708
767,-476,15672
767,-468,15696
511,-288,15928
512,-492,15676
511,-284,15692
511,-260,15720
511,-312,15668
511,-260,15992
512,-496,15684
512,-512,15916
256,-304,15884
512,-476,15628
511,-280,15908
512,-484,15680
511,-296,15712
256,-316,15632
767,-476,15700
511,-264,15984
256,-296,15660
767,-496,15692
256,-340,15936
256,-320,15964
256,-296,15952
256,-296,15724
512,-476,15660
511,-296,15668
511,-272,15976
256,-280,15664
767,-468,15964
256,-304,15736
767,-436,15632
767,-504,15964
512,-476,15660
511,-328,15652
511,-368,15708
511,-288,15616
511,-332,15664
511,-312,15748
511,-264,15684
511,-268,15708
767,-492,15664
767,-472,15664
767,-512,15648
767,-508,15932
256,-300,15660
767,-496,15720
767,-468,15708
256,-292,15944
256,-308,15712
511,-300,15688
767,-504,16048
512,-512,15672
511,-348,15688
767,-472,15672
511,-296,15680
511,-324,15672
512,-496,15696
512,-432,15688
767,-504,16008
256,-272,15664
511,-288,15636
767,-484,15684
511,-260,15704
511,-324,15648
511,-296,15968
256,-272,15740
511,-264,15956
512,-504,15684
512,-492,15652
767,-484,15732
767,-496,15652
511,-264,15972
512,-496,15652
511,-272,15676
511,-284,15920
512,-448,15632
511,-300,15952
256,-268,15696
511,-284,15672
511,-328,15668
511,-276,15688
511,-312,15992
512,-496,15644
767,-512,15668
511,-296,15712
511,-324,15672
511,-300,15908
256,-308,15692
767,-492,15668
511,-532,15864
511,-268,15992
512,-500,15720
511,-276,15712
767,-508,15716
767,-508,15688
511,-316,15936
256,-292,15900
512,-488,15640
511,-296,15932
256,-268,15992
256,-324,15912
256,-276,15912
512,-460,15928
256,-272,15648
767,-504,15992
767,-492,15684
767,-504,15656
767,-512,15892
256,-300,15692
511,-308,15960
512,-480,15964
256,-632,15852
511,-300,15896
512,-508,15652
511,-264,15932
512,-508,15896
256,-312,15876
256,-348,15896
512,-488,15696
256,-272,15964
256,-272,15704
767,-476,15716
511,-300,15732
511,-332,15940
256,-284,15712
511,-280,15704
256,-276,15696
256,-268,15932
256,-268,15760
256,-288,15916
256,-268,15648
511,-280,15956
256,-260,15984
256,-288,15928
512,-760,15864
767,-488,15704
511,-284,15688
511,-280,15960
256,-300,15952
256,-268,15944
512,-452,15712
511,-268,15648
767,-508,15660
511,-260,15624
511,-288,15672
511,-324,15636
512,-508,15636
256,-324,15936
256,-268,15632
767,-500,16000
256,-292,15984
512,-476,15708
256,-316,15692
511,-296,15688
511,-268,15684
511,-304,15660
767,-500,15704
767,-508,15964
256,-284,15656
511,-300,15932
511,-288,15624
767,-500,15712
767,-504,15712
511,-288,15716
512,-496,15716
511,-348,15692
256,-360,15936
256,-316,15916
256,-264,15696
767,-496,15908
256,-300,15904
512,-500,15760
511,-268,15908
256,-276,15696
511,-368,15716
511,-268,15692
256,-300,15944
512,-484,15644
511,-288,15668
511,-344,15664
511,-300,16000
256,-268,15968
512,-488,15628
512,-488,15724
511,-264,15652
511,-360,15672
511,-312,15920
256,-376,15632
511,-264,15872
512,-508,15628
767,-504,15964
512,-440,16024
511,-288,15676
256,-308,15668
511,-296,15652
256,-344,15964
256,-280,15892
512,-484,15684
511,-348,15980
512,-504,16008
767,-460,15660
511,-324,15708
767,-504,15668
256,-300,15700
511,-284,15688
511,-344,15644
512,-512,15692
511,-340,15904
512,-488,15688
511,-276,15928
512,-484,15936
256,-292,15676
511,-352,15656
511,-268,15632
256,-348,15720
511,-312,15696
511,-292,15700
511,-328,15696
511,-300,15976
256,-260,15908
256,-268,15668
256,-308,15928
256,-352,15728
511,-372,15684
511,-284,15656
511,-308,15652
767,-480,15672
511,-260,15644
767,-488,15920
256,-308,15916
256,-316,15712
511,-300,15636
511,-300,15628
512,-492,15736
511,-276,15700
511,-268,15620
511,-328,15964
512,-464,15896
256,-292,15912
256,-268,15672
767,-464,15700
511,-332,15672
511,-288,15704
511,-264,15652
511,-324,15724
767,-500,15972
256,-280,15708
511,-296,15916
512,-508,15996
256,-548,16116
256,-292,15928
256,-304,15680
256,-284,15692
511,-304,15744
511,-264,15684
511,-604,15860
256,-356,15996
512,-460,15624
511,-312,15964
256,-260,15960
256,-316,15968
256,-280,15712
511,-288,15700
511,-324,15668
511,-276,15956
256,-276,15652
256,-332,15940
256,-260,15668
767,-484,15736
767,-484,15960
512,-492,15632
256,-328,15692
511,-268,15628
511,-296,15676
511,-304,15684
512,-504,15912
256,-288,15644
511,-304,15660
511,-272,15940
512,-696,15852
511,-300,15724
256,-328,15636
256,-276,15768
511,-304,15888
512,-512,15692
511,-356,15916
512,-500,15696
767,-468,15636
511,-328,15652
511,-316,15752
511,-360,15896
256,-276,15644
511,-288,15720
511,-292,15696
767,-512,15884
256,-276,15944
256,-284,15656
511,-280,15956
256,-284,15644
511,-308,15680
511,-276,15944
512,-500,15668
511,-292,15664
767,-464,15692
767,-460,15696
511,-304,15704
767,-484,15944
256,-328,15956
512,-492,15716
511,-336,15920
256,-288,15680
511,-280,15640
511,-300,15660
767,-512,15672
511,-268,15944
256,-312,15652
767,-492,15696
511,-300,15948
256,-308,15656
767,-456,15664
511,-296,15688
767,-480,15936
256,-272,15756
511,-284,15640
511,-280,15676
511,-272,15668
511,-260,15936
512,-460,15948
512,-704,15856
511,-280,15680
767,-484,15912
256,-304,15688
511,-316,15684
767,-504,15640
511,-260,15920
256,-264,15760
511,-288,15676
511,-280,15676
511,-276,15696
511,-336,15656
511,-372,15720
767,-504,15736
511,-320,15944
256,-288,15760
767,-504,15984
256,-268,15704
767,-512,15652
511,-260,15892
256,-324,15676
511,-272,15920
256,-276,15700
511,-312,15924
256,-288,15672
511,-276,15692
511,-284,15664
511,-280,15652
512,-500,15632
511,-304,15704
511,-320,15656
511,-300,15916
512,-500,15652
511,-316,15916
256,-260,15736
511,-276,15652
511,-316,15932
512,-468,15648
511,-316,15648
767,-476,15700
767,-500,15684
511,-360,15932
256,-300,15688
767,-504,15744
511,-320,15680
511,-288,15924
512,-480,15664
256,-284,15616
767,-468,15920
256,-332,15660
767,-492,15936
512,-476,15692
511,-292,15888
512,-500,15664
511,-284,15616
511,-304,15680
511,-312,16004
256,-308,15708
511,-264,15960
256,-264,15936
256,-324,15952
256,-288,15636
511,-292,15972
512,-512,15688
767,-484,15900
256,-276,15916
512,-488,15908
512,-460,15928
256,-324,15628
767,-508,15956
512,-508,15676
511,-532,15864
767,-508,15616
256,-292,15668
511,-296,15708
767,-508,15692
511,-280,15704
767,-488,15664
511,-328,15884
256,-304,15676
511,-280,15636
511,-324,15732
767,-468,15752
511,-308,15708
511,-328,15992
256,-276,15712
767,-484,15928
256,-320,15700
511,-312,15624
767,-508,15764
767,-496,15736
511,-300,15664
511,-272,15672
511,-300,15904
256,-276,15708
511,-340,15924
256,-292,15648
511,-304,15916
256,-272,15928
256,-316,15672
511,-268,15988
256,-260,15712
767,-492,15748
256,-280,15700
511,-284,15672
511,-280,15956
512,-768,16112
256,-296,15892
256,-260,15684
767,-512,15892
256,-288,15964
512,-480,15680
511,-340,15636
767,-512,15624
511,-356,15708
511,-356,15680
767,-448,15988
256,-280,15960
512,-476,15888
256,-260,15976
511,-332,15688
256,-268,15876
512,-508,15660
511,-340,15640
767,-496,15956
256,-380,15624
767,-476,15896
767,-428,15976
512,-484,15688
511,-292,15692
511,-264,15668
511,-304,15628
511,-272,15640
511,-316,15688
511,-292,15888
256,-272,15924
256,-304,15668
511,-304,15952
256,-300,15912
256,-268,15648
511,-280,15660
511,-304,15688
511,-320,15656
511,-296,15676
256,-532,15868
767,-496,15924
512,-504,15624
511,-276,15668
767,-724,15860
511,-304,15948
256,-348,15684
511,-268,15692
256,-360,15948
256,-308,15884
256,-284,15892
256,-304,15904
512,-496,15928
512,-484,15968
256,-276,15924
256,-284,15704
511,-304,15700
511,-272,15684
511,-380,15672
511,-292,15620
511,-268,15948
512,-492,15668
511,-548,16100
256,-324,15692
767,-508,15680
511,-328,15692
511,-280,15680
511,-320,15640
767,-512,15916
256,-340,15916
256,-348,15700
511,-260,15652
767,-476,15976
511,-264,15948
256,-264,15728
511,-276,15636
511,-268,15668
511,-264,15664
256,-368,15680
511,-300,15908
256,-292,15684
767,-496,15904
512,-512,15660
767,-512,15892
256,-340,15988
512,-512,15660
511,-372,15688
511,-300,15728
511,-324,15624
511,-308,15940
256,-268,15660
767,-500,15908
512,-496,15928
256,-324,15712
511,-264,15992
256,-300,15680
767,-496,15676
511,-348,15716
256,-288,15676
511,-284,15896
256,-292,15876
256,-292,15640
511,-272,15672
511,-260,15748
511,-300,15692
256,-288,15680
767,-512,15752
511,-356,15660
511,-348,15716
767,-492,15684
767,-512,15620
511,-292,15684
511,-264,15944
256,-312,15932
256,-264,15976
256,-300,15708
767,-492,15704
511,-308,15648
511,-340,15684
511,-292,15924
256,-536,15848
511,-288,15676
511,-324,15976
512,-452,15628
256,-260,15936
512,-452,15908
256,-360,15636
511,-336,15960
512,-724,15852
511,-260,15964
512,-504,15948
512,-496,15760
511,-320,15956
512,-504,15676
511,-320,15988
256,-296,15672
256,-300,15720
767,-460,15680
511,-284,15904
512,-504,15944
256,-296,15700
511,-272,15936
512,-480,15688
511,-264,15668
511,-312,15684
767,-504,15708
511,-300,15692
511,-288,15680
767,-492,15668
767,-508,15892
512,-496,15944
256,-304,15976
512,-512,15716
511,-260,15672
511,-300,15656
767,-488,15912
512,-488,15680
511,-276,15920
512,-444,15924
512,-504,15668
767,-492,15996
512,-496,15668
511,-584,15860
511,-268,15684
767,-512,16004
256,-308,15952
256,-284,15708
767,-472,15652
511,-368,15904
512,-512,15980
256,-332,15984
256,-516,15856
511,-304,15964
256,-296,15696
511,-268,16008
256,-288,15924
256,-308,15680
511,-264,15712
511,-276,15700
511,-348,15732
767,-468,15688
767,-476,16004
256,-260,15704
511,-288,15916
256,-288,15628
511,-304,15956
256,-300,15616
511,-332,15652
767,-504,15900
256,-556,15844
256,-284,15964
256,-308,15688
511,-300,15664
767,-512,15940
256,-328,15716
256,-296,15728
511,-304,15680
767,-492,15656
511,-304,15928
256,-284,15672
511,-336,15680
511,-260,15688
511,-280,15676
511,-380,15948
256,-288,15676
767,-492,15644
511,-292,15672
511,-328,15896
256,-316,15952
256,-268,15996
256,-280,15932
256,-324,15676
767,-460,16028
256,-304,15992
256,-312,15944
512,-436,15728
511,-288,15632
511,-288,15696
511,-312,15680
511,-288,15684
511,-316,15708
511,-356,15660
767,-480,15640
767,-440,15652
512,-492,15976
256,-340,15656
511,-584,15864
511,-336,15664
511,-292,15724
767,-512,15700
767,-508,15944
512,-492,15924
512,-508,15888
256,-320,15924
256,-272,15720
511,-308,15700
767,-492,15656
511,-292,15680
511,-344,15956
256,-300,15932
256,-320,15888
256,-268,15940
512,-508,15676
512,-488,15684
767,-508,15676
767,-508,15704
256,-284,15724
767,-508,15652
511,-284,15976
512,-512,15704
511,-268,15676
511,-328,15936
256,-552,16124
512,-480,15660
511,-268,15908
256,-316,15712
511,-264,15672
256,-308,15960
256,-332,15704
511,-288,15636
767,-512,15696
767,-668,15856
511,-292,15912
256,-296,15660
511,-284,15684
511,-364,15632
511,-340,15692
511,-296,15988
512,-488,15912
256,-268,15952
511,-344,15972
512,-400,15680
511,-268,15748
511,-304,15672
511,-296,15696
511,-292,15676
511,-324,15952
256,-296,15692
767,-488,15664
511,-260,15952
512,-488,15640
511,-304,15912
256,-276,15688
511,-328,15696
511,-276,15680
256,-304,15672
256,-284,15940
256,-312,15632
767,-508,15640
767,-468,15916
256,-260,15948
512,-508,15692
511,-292,15672
511,-268,15656
511,-308,15692
256,-336,15672
511,-304,15968
512,-504,15936
256,-308,15936
512,-508,15680
767,-508,15672
511,-264,15700
256,-280,15664
511,-280,15952
256,-308,15656
256,-272,15684
767,-500,15692
767,-456,15696
511,-296,15932
512,-512,15956
256,-304,15684
511,-296,15628
511,-280,15652
511,-284,15648
256,-348,15676
511,-276,15956
256,-260,15696
511,-292,15968
512,-472,15940
256,-316,15948
256,-300,16016
256,-288,15936
256,-276,15668
511,-272,15688
767,-488,15688
511,-312,15664
512,-464,15988
256,-308,15684
767,-496,15932
256,-260,15668
767,-508,15664
767,-480,15736
511,-340,15692
256,-292,15904
256,-328,15676
511,-280,15652
511,-360,15932
767,-724,15868
767,-492,15944
256,-292,15660
511,-264,15696
511,-284,15716
767,-508,15692
256,-364,15892
256,-344,15676
256,-272,15936
256,-340,15888
512,-504,15708
511,-264,15660
511,-296,15924
256,-272,15928
512,-500,15632
767,-504,15640
511,-268,15648
511,-364,15660
511,-260,15984
256,-272,15956
256,-324,15920
512,-484,16036
256,-292,15660
511,-312,15996
512,-488,15672
256,-304,15696
511,-288,15676
767,-480,15660
511,-324,15924
256,-292,15692
767,-500,15960
512,-484,15912
512,-504,15732
511,-296,15644
511,-304,15732
511,-268,15736
511,-320,15964
256,-284,15656
511,-280,15640
511,-340,15960
256,-276,15720
767,-508,15636
511,-304,15652
767,-496,15688
511,-336,15952
256,-304,15644
511,-324,15628
511,-324,15720
511,-280,15876
256,-280,15932
511,-264,15704
512,-508,15632
767,-500,15688
767,-504,15672
256,-316,15680
511,-276,15656
511,-264,15704
767,-500,15976
256,-380,15944
512,-512,15964
256,-284,15736
511,-276,15932
256,-272,15668
511,-280,15632
511,-280,15672
511,-360,15660
511,-300,15672
767,-504,15632
511,-572,16084
767,-472,15672
767,-500,15704
511,-284,15720
767,-512,15684
511,-292,15684
511,-268,15616
256,-284,15700
256,-388,15672
767,-512,15668
511,-300,15940
512,-508,15696
511,-328,15980
256,-276,15696
256,-348,15980
256,-268,15740
256,-336,15696
511,-312,15956
256,-556,15856
511,-260,15944
256,-336,15680
767,-472,15680
511,-324,15688
511,-268,15708
511,-532,15856
511,-360,15660
511,-308,15708
511,-304,15660
511,-360,15620
511,-288,15688
511,-308,15704
511,-344,15944
512,-512,15692
256,-332,15892
256,-288,15708
511,-296,15668
511,-368,15924
256,-292,15672
511,-272,15900
256,-280,15884
512,-496,15720
511,-316,15960
512,-504,15696
511,-268,15944
256,-336,15632
767,-504,15648
511,-328,15712
511,-332,15664
767,-504,15676
511,-288,15988
256,-300,15996
256,-268,15680
511,-364,15668
511,-320,15912
256,-328,15628
511,-264,15908
512,-492,15684
256,-364,15976
512,-512,15692
767,-484,15892
256,-332,15668
511,-280,15760
511,-332,16004
256,-276,15716
256,-292,15940
256,-292,15680
511,-284,15620
511,-260,15944
256,-288,15644
511,-284,15884
256,-268,15668
256,-312,15684
767,-504,15648
511,-284,15936
256,-304,15728
511,-272,15656
767,-492,15692
511,-312,15680
767,-512,15944
256,-336,15972
256,-268,15728
512,-456,16008
511,-324,15916
256,-260,15948
256,-264,15684
511,-344,15932
256,-300,15712
767,-504,15912
256,-280,15620
767,-496,15980
256,-276,15672
767,-452,15700
511,-284,15964
512,-508,15640
511,-260,15720
767,-480,15960
256,-292,15652
511,-316,15692
511,-284,15688
511,-344,15704
511,-300,15880
256,-276,15696
511,-284,15688
511,-556,16124
512,-500,15732
511,-296,15948
512,-512,15656
767,-492,15712
511,-572,16124
256,-364,15668
767,-488,15656
511,-312,15708
511,-272,15632
767,-476,15628
511,-292,15660
511,-296,15724
511,-280,15636
511,-300,15660
511,-284,15704
767,-512,15944
256,-320,15680
511,-288,15936
256,-284,15720
256,-376,15660
767,-436,15684
511,-268,15704
256,-368,15988
512,-484,15660
511,-332,15660
767,-476,15948
512,-512,15636
511,-304,15684
767,-436,15696
511,-288,15900
256,-388,15676
511,-288,15728
511,-312,15684
767,-496,15660
511,-308,15904
511,-284,15660
511,-272,15944
256,-348,15924
512,-512,15644
511,-308,15984
256,-328,15656
511,-300,15668
511,-348,15720
511,-276,15696
256,-260,15932
256,-304,15656
767,-448,15936
256,-276,15724
256,-296,15888
256,-324,15676
511,-316,15684
511,-308,15732
511,-316,15888
256,-308,15908
256,-320,15680
511,-276,15732
511,-316,15632
767,-508,15636
511,-292,15704
511,-268,15676
511,-324,15628
511,-340,15672
256,-280,15888
256,-300,15676
511,-264,15912
256,-552,15856
511,-300,15648
767,-508,15940
256,-320,15628
511,-316,15668
511,-312,15692
511,-356,15652
512,-472,15644
511,-268,15632
511,-304,15728
511,-272,15920
256,-268,15680
511,-272,15640
767,-468,15700
256,-316,15732
511,-368,15692
511,-340,15752
767,-504,15644
511,-280,15712
511,-280,15984
512,-476,15656
767,-468,16008
512,-496,15688
767,-440,15900
256,-372,15728
511,-288,15668
511,-320,15716
511,-288,15708
511,-276,15908
511,-288,15672
511,-296,15904
256,-292,15900
256,-276,15640
767,-480,15712
511,-276,15708
511,-292,15984
256,-284,15712
511,-344,15744
511,-304,15672
767,-496,15668
511,-280,15952
512,-488,15872
512,-488,15920
256,-284,15900
256,-292,15636
767,-500,15664
511,-308,15652
767,-484,15896
256,-292,15668
511,-312,15936
256,-344,15912
512,-476,15696
767,-484,15708
511,-268,15688
512,-512,15692
512,-512,15620
511,-276,15644
511,-284,15972
256,-260,15660
767,-504,15940
256,-304,15904
512,-500,15736
767,-460,15956
256,-276,15652
511,-316,15916
256,-536,15864
511,-296,15628
511,-300,15964
256,-260,15656
767,-488,15720
767,-464,15688
511,-272,15644
767,-508,15628
511,-300,15716
767,-720,15868
511,-300,15660
511,-300,15928
512,-484,15660
511,-328,15936
512,-488,15648
767,-496,15692
511,-344,15676
767,-728,16108
256,-304,15932
256,-276,15652
767,-760,15868
511,-344,15656
767,-760,16124
256,-288,15952
512,-504,15680
767,-452,15912
256,-276,15904
256,-260,15660
511,-264,15632
511,-552,15860
511,-280,15724
767,-452,15716
511,-260,15980
512,-508,16008
512,-484,15704
511,-316,16004
256,-280,15732
511,-288,15700
767,-504,15648
511,-296,15680
511,-364,15996
256,-320,15688
511,-272,15904
256,-300,15924
256,-284,15676
511,-300,15964
256,-272,15948
256,-264,15732
511,-352,15700
767,-508,15664
511,-328,15692
511,-280,15912
256,-288,15704
511,-296,15676
767,-504,15672
511,-300,15656
511,-276,15616
511,-300,15696
511,-268,15688
511,-340,15708
767,-508,15652
256,-300,15636
511,-276,15628
511,-324,15980
256,-316,15668
511,-308,15888
256,-272,15684
767,-508,15920
512,-480,15628
767,-508,15692
511,-316,15716
256,-304,15692
767,-460,15940
512,-512,15696
767,-512,15644
511,-312,15948
256,-324,15908
256,-296,15688
511,-288,15656
511,-324,15620
511,-272,15808
511,-308,15944
256,-272,15952
256,-296,15704
511,-336,15944
256,-300,16012
256,-332,15624
511,-368,15924
256,-312,15672
511,-328,15672
767,-508,15704
256,-272,15968
256,-312,15960
256,-264,15656
511,-324,15908
256,-284,15700
511,-284,15912
256,-352,15672
511,-308,15716
511,-308,15680
511,-304,15668
767,-512,15736
511,-324,15712
511,-268,15676
511,-288,15744
767,-488,15656
511,-312,15940
256,-268,15712
511,-340,15676
511,-264,15628
511,-280,15656
511,-328,15928
256,-272,15696
511,-272,15900
512,-488,15696
511,-272,15928
256,-344,15932
256,-352,15704
767,-504,15688
511,-308,15684
511,-260,15712
511,-268,15748
511,-312,15988
512,-416,15960
512,-464,15960
256,-264,15960
256,-308,15664
511,-308,15656
511,-284,15904
256,-304,15720
511,-304,15700
767,-492,15936
256,-376,15668
511,-268,15664
511,-304,15924
256,-284,15664
767,-512,15680
767,-508,15896
256,-264,15724
511,-312,15696
511,-292,15696
511,-324,15920
256,-304,15880
256,-264,15920
256,-300,15896
256,-540,15852
511,-288,15664
767,-480,15936
256,-312,15636
